Player,Player Short Name,Team,Position,Pts,Owner
Tim Seifert,t seifert,nz,wk,431,COLDTAKER
Shadley Van Schalkwyk,s van schalkwyk,usa,alr,421,UNDRAFTED
George Dockrell,g dockrell,ire,bowl,418,UNDRAFTED
Bas De Leede,b de leede,neth,alr,414,UNDRAFTED
Aiden Markram,a markram,sa,bat,376,NTKESH
Shubham Ranjane,s ranjane,usa,alr,346,UNDRAFTED
Rahmanullah Gurbaz,r gurbaz,afgh,wk,341,MAHAARAJANMG
Blessing Muzarabani,b muzarabani,zim,bowl,337,UNDRAFTED
Lorcan Tucker,l tucker,ire,wk,318,UNDRAFTED
Sherfane Rutherford,s rutherford,wi,bat,306,NEELA
Gerhard Erasmus,g erasmus,nam,bat,305,UNDRAFTED
Ryan Rickelton,r rickelton,sa,bat,303,SRIRAM
George Munsey,g munsey,scot,bat,302,UNDRAFTED
Lungi Ngidi,l ngidi,sa,bowl,298,COLDTAKER
Sahibzada Farhan,s farhan,pak,wk,297,SUDARSHAN
Marco Jansen,m jansen,sa,alr,294,SUDARSHAN
Kusal Mendis,k mendis,sl,wk,287,SRIRAM
Finn Allen,f allen,nz,bat,277,AKSHAYM
Michael Leask,m leask,scot,bowl,268,UNDRAFTED
Sam Curran,s curran,eng,alr,264,SK
Quinton De Kock,q de kock,sa,wk,260,NEELA
Brad Evans,b evans,zim,alr,260,UNDRAFTED
Harmeet Singh,h singh,usa,bowl,256,UNDRAFTED
Jacob Bethell,j bethell,eng,bat,256,COLDTAKER
David Miller,d miller,sa,bat,254,SUDARSHAN
Scott Edwards,s edwards,neth,wk,248,UNDRAFTED
Richie Berrington,r berrington,scot,bat,246,UNDRAFTED
Maheesh Theekshana,m theekshana,sl,bowl,243,COLDTAKER
Ben Manenti,b manenti,ita,bowl,240,UNDRAFTED
Romario Shepherd,r shepherd,wi,alr,238,DS&PS
Kamindu Mendis,k mendis,sl,bat,233,SK
Hardik Pandya,h pandya,ind,alr,233,NTKESH
Gareth Delany,g delany,ire,alr,230,UNDRAFTED
Ishan Kishan,i kishan,ind,wk,226,SK
Nathan Ellis,n ellis,aus,bowl,224,AKSHAYM
Shimron Hetmyer,s hetmyer,wi,bat,223,DS&PS
Suryakumar Yadav,s yadav,ind,bat,221,SK
Mohammad Mohsin,m mohsin,usa,bowl,219,UNDRAFTED
Azmatullah Omarzai,a omarzai,afgh,alr,212,UNDRAFTED
Tom Banton,t banton,eng,wk,212,UNDRAFTED
Jason Holder,j holder,wi,alr,203,SUDARSHAN
Brian Bennett,b bennett,zim,alr,203,UNDRAFTED
Axar Patel,a patel,ind,alr,203,MAHAARAJANMG
Shadab Khan,s khan,pak,alr,200,AKSHAYM
Brandon Mcmullen,b mcmullen,scot,alr,200,UNDRAFTED
Saiteja Mukkamalla,s mukkamalla,usa,bat,197,UNDRAFTED
Dipendra Singh Airee,d singh airee,nep,alr,192,UNDRAFTED
Anthony Mosca,a mosca,ita,bat,192,UNDRAFTED
Navneet Dhaliwal,n dhaliwal,can,bat,189,UNDRAFTED
Tristan Stubbs,t stubbs,sa,wk,186,SK
Matt Renshaw,m renshaw,aus,bat,182,UNDRAFTED
Milind Kumar,m kumar,usa,alr,180,UNDRAFTED
Shayan Jahangir,s jahangir,usa,bat,179,UNDRAFTED
Michael Jones,m jones,scot,bat,179,UNDRAFTED
Adam Zampa,a zampa,aus,bowl,179,SUDARSHAN
Aryansh Sharma,a sharma,uae,wk,175,UNDRAFTED
Dasun Shanaka,d shanaka,sl,bat,175,SK
Bradley Currie,b currie,scot,bowl,174,UNDRAFTED
Mark Chapman,m chapman,nz,bat,169,UNDRAFTED
Varun Chakravarthy,v chakravarthy,ind,bowl,169,NTKESH
Will Jacks,w jacks,eng,bat,168,DS&PS
Pavan Rathnayake,p rathnayake,sl,bat,168,UNDRAFTED
Aryan Dutt,a dutt,neth,bowl,168,UNDRAFTED
Harry Brook,h brook,eng,bat,166,AKSHAYM
Glenn Phillips,g phillips,nz,bat,165,MAHAARAJANMG
Harsh Thaker,h thaker,can,alr,163,UNDRAFTED
Josh Inglis,j inglis,aus,wk,160,DS&PS
Daryl Mitchell,d mitchell,nz,alr,159,NEELA
Junaid Siddique,j siddique,uae,bowl,157,UNDRAFTED
Richard Ngarava,r ngarava,zim,bowl,154,UNDRAFTED
Muhammad Waseem,m waseem,uae,bat,153,UNDRAFTED
Rashid Khan,r khan,afgh,bowl,152,NEELA
Liam Dawson,l dawson,eng,alr,152,UNDRAFTED
Gudakesh Motie,g motie,wi,bowl,151,DS&PS
Saad Bin Zafar,s bin zafar,can,bowl,151,UNDRAFTED
Mark Adair,m adair,ire,bowl,150,UNDRAFTED
Adil Rashid,a rashid,eng,bowl,149,SRIRAM
Michael Levitt,m levitt,neth,bat,148,UNDRAFTED
Mitchell Santner,m santner,nz,bowl,147,SK
Keshav Maharaj,k maharaj,sa,bowl,146,MAHAARAJANMG
Justin Mosca,j mosca,ita,bat,146,UNDRAFTED
Marcus Stoinis,m stoinis,aus,alr,145,UNDRAFTED
Sohaib Khan,s khan,uae,bat,144,UNDRAFTED
Sikandar Raza,s raza,zim,alr,143,NEELA
Roston Chase,r chase,wi,alr,142,SUDARSHAN
Harry Manenti,h manenti,ita,alr,141,UNDRAFTED
Jamie Overton,j overton,eng,alr,141,NTKESH
Josh Little,j little,ire,bowl,141,UNDRAFTED
Logan Van Beek,l van beek,neth,bowl,141,UNDRAFTED
Saim Ayub,s ayub,pak,bat,140,SRIRAM
Tilak Varma,t varma,ind,bat,140,SRIRAM
Dunith Wellalage,d wellalage,sl,bowl,138,UNDRAFTED
Ross Adair,r adair,ire,bat,137,UNDRAFTED
Tadiwanashe Marumani,t marumani,zim,bat,136,UNDRAFTED
Jj Smuts,jj smuts,ita,alr,132,UNDRAFTED
Rovman Powell,r powell,wi,bat,129,NEELA
Alishan Sharafu,a sharafu,uae,bat,128,UNDRAFTED
Mohammad Nawaz,m nawaz,pak,alr,128,AKSHAYM
Gulbadin Naib,g naib,afgh,alr,128,UNDRAFTED
Matthew Humphreys,m humphreys,ire,bowl,128,UNDRAFTED
Crishan Kalugamage,c kalugamage,ita,bowl,127,UNDRAFTED
Jos Buttler,j buttler,eng,wk,127,DS&PS
Harry Tector,h tector,ire,bat,126,UNDRAFTED
Phil Salt,p salt,eng,bat,125,NTKESH
Shamar Joseph,s joseph,wi,bowl,120,DS&PS
Salman Mirza,s mirza,pak,bowl,119,NEELA
Wanindu Hasaranga,w hasaranga,sl,bowl,119,COLDTAKER
Jofra Archer,j archer,eng,bowl,118,NEELA
Dushmantha Chameera,d chameera,sl,bowl,118,AKSHAYM
Tom Bruce,t bruce,scot,bat,117,UNDRAFTED
Arshdeep Singh,a singh,ind,bowl,117,MAHAARAJANMG
Babar Azam,b azam,pak,bat,116,MAHAARAJANMG
Matt Henry,m henry,nz,bowl,115,NEELA
Shaheen Shah Afridi,s shah afridi,pak,bowl,111,SUDARSHAN
Usman Tariq,u tariq,pak,bowl,110,UNDRAFTED
Lokesh Bam,l bam,nep,wk,109,UNDRAFTED
Rohit Paudel,r paudel,nep,bat,109,UNDRAFTED
Cameron Green,c green,aus,alr,109,COLDTAKER
Ansh Patel,a patel,can,bowl,108,UNDRAFTED
Abrar Ahmed,a ahmed,pak,bowl,107,AKSHAYM
Lockie Ferguson,l ferguson,nz,bowl,107,NTKESH
Roelof Van Der Merwe,r van der merwe,neth,alr,107,UNDRAFTED
Kagiso Rabada,k rabada,sa,bowl,105,SK
Shivam Dube,s dube,ind,bat,100,SRIRAM
James Neesham,j neesham,nz,alr,99,SK
Shakeel Ahmed,s ahmed,oman,bowl,97,UNDRAFTED
Matheesha Pathirana,m pathirana,sl,bowl,96,SUDARSHAN
Ryan Burl,r burl,zim,bat,94,UNDRAFTED
Oliver Davidson,o davidson,scot,bowl,93,UNDRAFTED
Corbin Bosch,c bosch,sa,alr,93,UNDRAFTED
Dewald Brevis,d brevis,sa,bat,92,SUDARSHAN
Brad Wheal,b wheal,scot,bowl,91,UNDRAFTED
Sufyan Mehmood,s mehmood,oman,bowl,91,UNDRAFTED
Paul Van Meekeren,p van meekeren,neth,bowl,91,UNDRAFTED
Jan Frylinck,j frylinck,nam,bowl,91,UNDRAFTED
Barry Mccarthy,b mccarthy,ire,bowl,88,UNDRAFTED
Brendan Taylor,b taylor,zim,wk,86,AKSHAYM
Monank Patel,m patel,usa,wk,84,UNDRAFTED
Kyle Klein,k klein,neth,bowl,84,UNDRAFTED
Andries Gous,a gous,usa,bat,83,UNDRAFTED
Faheem Ashraf,f ashraf,pak,alr,82,UNDRAFTED
Jasprit Bumrah,j bumrah,ind,bowl,81,SK
Louren Steenkamp,l steenkamp,nam,bat,80,UNDRAFTED
Kamil Mishara,k mishara,sl,bat,79,UNDRAFTED
Jan Loftie-Eaton,j loftie-eaton,nam,bat,79,UNDRAFTED
Mark Watt,m watt,scot,bowl,78,UNDRAFTED
Wasim Ali,w ali,oman,alr,75,UNDRAFTED
Muhammad Jawadullah,m jawadullah,uae,bowl,74,UNDRAFTED
Brandon King,b king,wi,bat,72,NTKESH
Sanjay Krishnamurthi,s krishnamurthi,usa,bat,71,UNDRAFTED
Nicholas Kirton,n kirton,can,bat,70,UNDRAFTED
Colin Ackermann,c ackermann,neth,alr,69,UNDRAFTED
Salman Agha,s agha,pak,bat,68,NTKESH
Shah Faisal,s faisal,oman,bat,68,UNDRAFTED
Bernard Scholtz,b scholtz,nam,bowl,68,UNDRAFTED
Kushal Bhurtel,k bhurtel,nep,bat,67,UNDRAFTED
Rachin Ravindra,r ravindra,nz,alr,66,UNDRAFTED
Curtis Campher,c campher,ire,alr,66,UNDRAFTED
Sandeep Lamichhane,s lamichhane,nep,bowl,65,UNDRAFTED
Hammad Mirza,h mirza,oman,wk,65,UNDRAFTED
Pathum Nissanka,p nissanka,sl,bat,64,SRIRAM
Kaleem Sana,k sana,can,bowl,62,UNDRAFTED
Vinayak Shukla,v shukla,oman,wk,61,UNDRAFTED
Mayank Kumar,m kumar,uae,bat,60,UNDRAFTED
Sanju Samson,s samson,ind,wk,60,COLDTAKER
Mujeeb Ur Rahman,m ur rahman,afgh,bowl,59,COLDTAKER
Aasif Sheikh,a sheikh,nep,wk,59,UNDRAFTED
Aarif Sheikh,a sheikh,nep,bat,58,UNDRAFTED
Ali Hasan,a hasan,ita,bowl,56,UNDRAFTED
Cooper Connolly,c connolly,aus,alr,53,SRIRAM
Darwish Rasooli,d rasooli,afgh,bat,52,AKSHAYM
Zane Green,z green,nam,wk,52,UNDRAFTED
Mohammad Nadeem,m nadeem,oman,bowl,51,UNDRAFTED
Fred Klaassen,f klaassen,neth,bowl,50,UNDRAFTED
Ruben Trumpelmann,r trumpelmann,nam,bowl,49,UNDRAFTED
Ibrahim Zadran,i zadran,afgh,bat,45,NTKESH
Tashinga Musekiwa,t musekiwa,zim,bat,45,UNDRAFTED
Jj Smit,jj smit,nam,alr,44,UNDRAFTED
Glenn Maxwell,g maxwell,aus,alr,43,DS&PS
Ali Khan,a khan,usa,bowl,41,UNDRAFTED
Nosthush Kenjige,n kenjige,usa,bowl,41,UNDRAFTED
Dilon Heyliger,d heyliger,can,bowl,41,UNDRAFTED
Sediqullah Atal,s atal,afgh,bat,40,NTKESH
Mohammad Nabi,m nabi,afgh,alr,39,COLDTAKER
Jaspreet Singh,j singh,ita,bowl,39,UNDRAFTED
Wellington Masakadza,w masakadza,zim,bowl,39,UNDRAFTED
Matthew Cross,m cross,scot,wk,36,UNDRAFTED
Karan Kc,k kc,nep,alr,35,UNDRAFTED
Ben Calitz,b calitz,ire,bat,35,UNDRAFTED
Paul Stirling,p stirling,ire,bat,35,DS&PS
Nandan Yadav,n yadav,nep,bowl,34,UNDRAFTED
Luke Wood,l wood,eng,bowl,34,UNDRAFTED
Shreyas Movva,s movva,can,wk,33,UNDRAFTED
Willem Myburgh,w myburgh,nam,alr,33,UNDRAFTED
Saurabh Netravalkar,s netravalkar,usa,bowl,32,UNDRAFTED
Matthew Kuhnemann,m kuhnemann,aus,bowl,31,UNDRAFTED
Travis Head,t head,aus,bat,31,NEELA
Max O'Dowd,m o'dowd,neth,bat,31,UNDRAFTED
Gian-Piero Meade,g meade,ita,wk,29,UNDRAFTED
Zach Lion-Cachet,z lion-cachet,neth,alr,29,UNDRAFTED
Yuvraj Samra,y samra,can,bat,28,UNDRAFTED
Sher Malla,s malla,nep,bowl,27,UNDRAFTED
Dilpreet Bajwa,d bajwa,can,alr,26,UNDRAFTED
Fazalhaq Farooqi,f farooqi,afgh,bowl,24,SK
Akeal Hosein,a hosein,wi,bowl,22,UNDRAFTED
Graeme Cremer,g cremer,zim,bowl,21,UNDRAFTED
Nadeem Khan,n khan,oman,alr,21,UNDRAFTED
Noor Ahmad,n ahmad,afgh,bowl,20,NTKESH
George Linde,g linde,sa,alr,19,MAHAARAJANMG
Jatinder Singh,j singh,oman,bat,19,UNDRAFTED
Malan Kruger,m kruger,nam,bat,19,UNDRAFTED
Jay Odedra,j odedra,oman,bowl,18,UNDRAFTED
Xavier Bartlett,x bartlett,aus,bowl,18,SRIRAM
Grant Stewart,g stewart,ita,alr,17,UNDRAFTED
Ashish Odedara,a odedara,oman,bat,16,UNDRAFTED
Rinku Singh,r singh,ind,bat,16,AKSHAYM
Marcus Campopiano,m campopiano,ita,wk,15,UNDRAFTED
Tony Munyonga,t munyonga,zim,bat,15,UNDRAFTED
Jacob Duffy,j duffy,nz,bowl,13,SRIRAM
Ben Shikongo,b shikongo,nam,bowl,12,UNDRAFTED
Dushan Hemantha,d hemantha,sl,bowl,11,UNDRAFTED
Dion Myers,d myers,zim,bat,9,UNDRAFTED
Matthew Forde,m forde,wi,bowl,8,UNDRAFTED
Tim Tector,t tector,ire,bat,8,UNDRAFTED
Dylan Leicher,d leicher,nam,alr,8,UNDRAFTED
Harshit Kaushik,h kaushik,uae,alr,5,UNDRAFTED
Jiten Ramanandi,j ramanandi,oman,bowl,5,UNDRAFTED
Gulsan Jha,g jha,nep,alr,4,UNDRAFTED
Ben Dwarshuis,b dwarshuis,aus,bowl,3,UNDRAFTED
Simranjeet Singh,s singh,uae,bowl,0,UNDRAFTED
Muhammad Zohaib,m zohaib,uae,bat,0,UNDRAFTED
Haider Ali,h ali,uae,bat,0,UNDRAFTED
Shehan Jayasuriya,s jayasuriya,usa,alr,0,UNDRAFTED
Jasdeep Singh,j singh,usa,bowl,0,UNDRAFTED
Shivam Sharma,s sharma,can,alr,0,UNDRAFTED
Khawaja Nafay,k nafay,pak,wk,0,AKSHAYM
Naseem Shah,n shah,pak,bowl,0,SUDARSHAN
Fakhar Zaman,f zaman,pak,bat,0,COLDTAKER
Finlay Mccreath,f mccreath,scot,bat,0,UNDRAFTED
Zainullah Ihsan,z ihsan,scot,bowl,0,UNDRAFTED
Chris Greaves,c greaves,scot,alr,0,UNDRAFTED
Quentin Sampson,q sampson,wi,bat,0,UNDRAFTED
Jayden Seales,j seales,wi,bowl,0,UNDRAFTED
Johnson Charles,j charles,wi,bat,0,UNDRAFTED
Jason Smith,j smith,sa,bat,0,SUDARSHAN
Anrich Nortje,a nortje,sa,bowl,0,DS&PS
Kwena Maphaka,k maphaka,sa,bowl,0,UNDRAFTED
Ish Sodhi,i sodhi,nz,bowl,0,UNDRAFTED
Adam Milne,a milne,nz,bowl,0,UNDRAFTED
Devon Conway,d conway,nz,bat,0,MAHAARAJANMG
Michael Bracewell,m bracewell,nz,alr,0,UNDRAFTED
Ajayveer Hundal,a hundal,can,alr,0,UNDRAFTED
Ravinderpal Singh,r singh,can,bat,0,UNDRAFTED
Kanwarpal Tathgur,k tathgur,can,wk,0,UNDRAFTED
Shahidullah Kamal,s kamal,afgh,alr,0,UNDRAFTED
Abdollah Ahmadzai,a ahmadzai,afgh,bowl,0,UNDRAFTED
Mohammad Ishaq,m ishaq,afgh,wk,0,UNDRAFTED
Basir Ahamad,b ahamad,nep,alr,0,UNDRAFTED
Sompal Kami,s kami,nep,bowl,0,UNDRAFTED
Sundeep Jora,s jora,nep,bat,0,UNDRAFTED
Zain Ali,z ali,ita,bowl,0,UNDRAFTED
Syed Naqvi,s naqvi,ita,bat,0,UNDRAFTED
Wayne Madsen,w madsen,ita,bat,0,UNDRAFTED
Josh Tongue,j tongue,eng,bowl,0,UNDRAFTED
Ben Duckett,b duckett,eng,bat,0,MAHAARAJANMG
Rehan Ahmed,r ahmed,eng,alr,0,UNDRAFTED
Tinotenda Maposa,t maposa,zim,bowl,0,UNDRAFTED
Clive Madande,c madande,zim,wk,0,UNDRAFTED
Traveen Mathew,t mathew,sl,bowl,0,UNDRAFTED
Vijayakanth Viyaskanth,v viyaskanth,sl,bowl,0,UNDRAFTED
Dilshan Madushanka,d madushanka,sl,bowl,0,UNDRAFTED
Pramod Madushan,p madushan,sl,bowl,0,UNDRAFTED
Eshan Malinga,e malinga,sl,bowl,0,MAHAARAJANMG
Nuwan Thushara,n thushara,sl,bowl,0,UNDRAFTED
Milan Rathnayake,m rathnayake,sl,bowl,0,UNDRAFTED
Sahan Arachchige,s arachchige,sl,alr,0,UNDRAFTED
Charith Asalanka,c asalanka,sl,bat,0,UNDRAFTED
Janith Liyanage,j liyanage,sl,bat,0,UNDRAFTED
Niroshan Dickwella,n dickwella,sl,wk,0,UNDRAFTED
Dhananjaya De Silva,d de silva,sl,alr,0,UNDRAFTED
Kusal Perera,k perera,sl,wk,0,NEELA
Hassnain Shah,h shah,oman,bowl,0,UNDRAFTED
Shafiq Jan,s jan,oman,bowl,0,UNDRAFTED
Craig Young,c young,ire,bowl,0,UNDRAFTED
Ben White,b white,ire,bowl,0,UNDRAFTED
Matthew Short,m short,aus,bat,0,UNDRAFTED
Josh Hazlewood,j hazlewood,aus,bowl,0,UNDRAFTED
Pat Cummins,p cummins,aus,bowl,0,UNDRAFTED
Mitchell Marsh,m marsh,aus,bat,0,DS&PS
Saqib Zulfiqar,s zulfiqar,neth,bat,0,UNDRAFTED
Noah Croes,n croes,neth,wk,0,UNDRAFTED
Jan Balt,j balt,nam,bat,0,UNDRAFTED
Jack Brassell,j brassell,nam,bowl,0,UNDRAFTED
Washington Sundar,w sundar,ind,alr,0,UNDRAFTED
Kuldeep Yadav,k yadav,ind,bowl,0,UNDRAFTED
Harshit Rana,h rana,ind,bowl,0,UNDRAFTED
Shai Hope,s hope,wi,wk,-1,MAHAARAJANMG
Muhammad Farooq,m farooq,uae,alr,-2,UNDRAFTED
Thomas Draca,t draca,ita,bowl,-2,UNDRAFTED
Timm Van Der Gugten,t van der gugten,neth,bowl,-5,UNDRAFTED
Dhruv Parashar,d parashar,uae,alr,-9,UNDRAFTED
Usman Khan,u khan,pak,bat,-11,UNDRAFTED
Safyaan Sharif,s sharif,scot,bowl,-12,UNDRAFTED
Muhammad Arfan,m arfan,uae,bowl,-16,UNDRAFTED
Abhishek Sharma,a sharma,ind,bat,-20,COLDTAKER
Tim David,t david,aus,bat,-21,SRIRAM
Max Heingo,m heingo,nam,bowl,-21,UNDRAFTED
Karan Sonavale,k sonavale,oman,bat,-25,UNDRAFTED
Muhammad Rohid,m rohid,uae,bowl,-33,UNDRAFTED
Jaskaran Singh,j singh,can,bowl,-34,UNDRAFTED
Lalit Rajbanshi,l rajbanshi,nep,bowl,-37,UNDRAFTED
